c_name,c_email,c_contact
Aarav Sharma,aarav.sharma@example.com,9876543210
Aadhya Patel,aadhya.patel@example.com,8765432109
Advik Gupta,advik.gupta@example.com,7654321098
Ahaan Kumar,ahaan.kumar@example.com,6543210987
Ananya Singh,ananya.singh@example.com,5432109876
Advait Mishra,advait.mishra@example.com,4321098765
Aaradhya Reddy,aaradhya.reddy@example.com,3210987654
Aaryan Tiwari,aaryan.tiwari@example.com,2109876543
Aarav Patel,aarav.patel@example.com,1098765432
Ahana Malhotra,ahana.malhotra@example.com,9988776655
Amaan Khanna,amaan.khanna@example.com,8877665544
Aarushi Verma,aarushi.verma@example.com,7766554433
Advika Sharma,advika.sharma@example.com,6655443322
Anvi Kapoor,anvi.kapoor@example.com,5544332211
Arjun Gupta,arjun.gupta@example.com,4433221100
Anaya Singhania,anaya.singhania@example.com,3322110099
Aarav Ahuja,aarav.ahuja@example.com,2211009988
Aadhira Iyer,aadhira.iyer@example.com,1100998877
Aarohi Sharma,aarohi.sharma@example.com,9988776655
Abeer Joshi,abeer.joshi@example.com,8877665544
Aadya Bansal,aadya.bansal@example.com,7766554433
Advay Rana,advay.rana@example.com,6655443322
Ayaan Mehra,ayaan.mehra@example.com,5544332211
Anvi Bhatia,anvi.bhatia@example.com,4433221100
Aaradhya Kapoor,aaradhya.kapoor@example.com,3322110099
Aahan Malhotra,aahan.malhotra@example.com,2211009988
Aahana Pillai,aahana.pillai@example.com,1100998877
Advik Dubey,advik.dubey@example.com,9988776655
Aarit Gupta,aarit.gupta@example.com,8877665544
Ananya Mishra,ananya.mishra@example.com,7766554433
Aarav Krishnan,aarav.krishnan@example.com,6655443322
Aarohi Nair,aarohi.nair@example.com,5544332211
Arnav Reddy,arnav.reddy@example.com,4433221100
Adviti Choudhury,adviti.choudhury@example.com,3322110099
Anshika Gupta,anshika.gupta@example.com,2211009988
Arya Singh,arya.singh@example.com,1100998877
Aayush Verma,aayush.verma@example.com,9988776655
Aarini Kapoor,aarini.kapoor@example.com,8877665544
Ananya Sharma,ananya.sharma@example.com,7766554433
Aarush Kumar,aarush.kumar@example.com,6655443322
Avni Bajaj,avni.bajaj@example.com,5544332211
Aadya Shah,aadya.shah@example.com,4433221100
Aaryan Ahuja,aaryan.ahuja@example.com,3322110099
Anvi Srinivasan,anvi.srinivasan@example.com,2211009988
Arusha Iyer,arusha.iyer@example.com,1100998877
Advik Patel,advik.patel@example.com,9988776655
Aadhira Mehra,aadhira.mehra@example.com,8877665544
Aarna Singh,aarna.singh@example.com,7766554433
